Employee_ID,Employee_Name,Age,Position,Gender,Department,Salary,Years_of_Service,Attrition,HireDate_dt,ExitDate_dt,Performance_Rating,Work_Hours,Promotion,LastPromotion_dt,Training_Hours,Education_Level,Employee_Engagement_Score,Absenteeism,Distance_from_Work,JobSatisfaction_PeerRelationship,JobSatisfaction_WorkLifeBalance,JobSatisfaction_Compensation,JobSatisfaction_Management,JobSatisfaction_JobSecurity,EmployeeBenefit_HealthInsurance,EmployeeBenefit_PaidLeave,EmployeeBenefit_RetirementPlan,EmployeeBenefit_GymMembership,EmployeeBenefit_ChildCare
E00001,"Aniket Sastry",40,CEO,M,NULL,10000000,10,No,2014-07-19,NULL,5,40,No,NULL,0,PhD,4,19,9,1,1,1,1,1,1,1,1,1,1
E00002,"Tanya Dugar",34,"Sales Representative",Male,Sales,936922,3,Yes,2017-07-31,2020-09-07,1,40,Yes,2019-08-17,9,Master's,2,5,5,1,0,0,0,1,1,0,1,1,1
E00003,"Kabir Rajagopalan",33,"HR Manager",F,HR,1668378,7,No,2017-08-07,NULL,5,40,Yes,2024-07-10,10,Master's,4,17,8,1,0,0,0,0,0,1,0,0,1
E00004,"Vardaniya Sahota",39,"Marketing Coordinator",Female,Marketing,1212487,2,Yes,2017-08-10,2019-10-22,1,50,No,NULL,5,Bachelor's,2,17,43,1,0,0,0,1,0,0,0,0,1
E00005,"Trisha Lata",38,Analyst,M,IT,805472,7,No,2017-08-21,NULL,2,45,Yes,2025-03-08,8,Master's,3,6,7,1,1,1,0,1,1,1,1,1,1
E00006,"Advika Sathe",33,"Financial Analyst",Male,Finance,734729,6,Yes,2017-08-30,2023-11-25,1,45,Yes,2019-04-05,13,Bachelor's,1,17,33,0,0,0,0,1,0,1,0,1,1
E00007,"Shanaya Johal",37,"Marketing Coordinator",Male,Marketing,1399723,7,No,2017-09-06,NULL,5,45,Yes,2025-03-11,49,Diploma,5,3,7,1,1,1,1,1,1,1,1,0,0
E00008,"Kimaya Basak",32,"Financial Analyst",Female,Finance,665956,7,No,2017-09-15,NULL,4,55,Yes,2025-05-31,42,Master's,4,6,11,1,1,1,1,1,1,0,0,0,0
E00009,"Tarini Bumb",32,"Finance Manager",Male,Finance,860147,7,No,2017-09-20,NULL,3,45,Yes,2024-07-22,40,Bachelor's,4,15,13,0,1,0,1,0,1,0,0,1,0
E00010,"Divij Barad",34,"Sales Manager",Male,Sales,1536357,7,No,2017-10-13,NULL,3,40,No,NULL,10,PhD,3,20,7,1,1,1,1,1,0,1,1,1,1
E00011,"Yuvraj  Sampath",35,"Data Engineer",Male,IT,1757693,7,No,2017-10-20,NULL,2,55,Yes,2024-11-10,11,Bachelor's,3,19,9,0,1,1,0,1,1,1,0,0,1
E00012,"Jhanvi Jha",33,"Analytics Team Leader",Male,IT,2397936,7,No,2017-10-24,NULL,4,40,No,NULL,13,Bachelor's,3,16,7,0,1,1,1,0,1,1,1,1,1
E00013,"Samarth Kumer",34,"Finance Manager",Male,Finance,1056659,2,Yes,2017-10-29,2020-01-23,3,55,No,NULL,7,Bachelor's,1,11,25,1,0,0,0,1,0,0,1,1,1
E00014,"Ryan Majumdar",34,"Marketing Manager",Male,Marketing,2519069,7,No,2017-11-04,NULL,5,45,No,NULL,32,PhD,4,1,6,0,1,0,0,0,1,0,0,0,0
E00015,"Emir Sandhu",31,"Marketing Coordinator",M,Marketing,1491719,7,No,2017-11-20,NULL,4,50,Yes,2024-06-29,13,PhD,4,9,5,0,1,0,0,1,0,1,0,0,1
E00016,"Saanvi Dubey",33,Accountant,Female,Finance,935600,2,Yes,2017-12-06,2020-11-30,1,50,No,NULL,12,Master's,1,20,15,0,0,0,0,1,1,1,1,1,1
E00017,"Lakshay Virk",33,"Sales Manager",Male,Sales,1350019,4,Yes,2017-12-06,2022-04-17,1,40,No,NULL,13,Master's,1,18,49,1,0,0,0,1,1,1,1,1,0
E00018,"Zeeshan Datta",31,"HR Manager",Female,HR,1708495,1,Yes,2017-12-25,2019-03-17,2,45,No,NULL,12,Master's,2,1,50,0,0,0,0,1,0,0,1,0,1
E00019,"Prerak Anne",34,"HR Manager",M,HR,1503812,7,No,2018-01-06,NULL,3,50,Yes,2024-08-27,10,Bachelor's,5,19,10,0,1,0,0,0,1,1,0,0,0
E00020,"Ishita Jain",38,"Data Analyst",F,IT,891058,7,No,2018-01-27,NULL,3,55,No,NULL,45,PhD,4,17,13,0,0,0,1,0,1,1,1,1,0
E00021,"Renee Gour",34,"Sales Manager",Female,Sales,1559209,7,No,2018-01-31,NULL,4,55,No,NULL,31,Bachelor's,4,17,13,0,0,0,1,0,0,0,1,0,0
E00022,"Amani Garde",37,"Marketing Coordinator",Female,Marketing,1323131,7,No,2018-02-19,NULL,2,50,Yes,2024-08-07,15,PhD,5,5,14,1,1,1,1,1,1,0,1,1,0
E00023,"Dhanush Gala",36,Recruiter,M,HR,898020,7,No,2018-02-28,NULL,4,40,Yes,2025-01-06,36,Diploma,4,3,12,1,0,0,0,1,1,0,0,0,0
E00024,"Raghav Wali",36,"HR Manager",Male,HR,2225022,5,Yes,2018-03-13,2024-03-12,3,50,No,NULL,7,PhD,1,0,24,0,0,0,0,0,1,0,1,0,1
E00025,"Zoya Batta",36,"Sales Manager",M,Sales,1797697,4,Yes,2018-03-13,2022-12-25,2,50,No,NULL,11,Diploma,1,7,26,1,0,0,0,1,0,1,1,1,0
E00026,"Armaan Srinivas",37,"Marketing Associate",Male,Marketing,1367464,7,No,2018-03-18,NULL,4,50,No,NULL,42,Master's,4,18,6,1,0,0,1,1,1,1,1,0,1
E00027,"Ranbir Gola",33,DataAnalyst,Male,IT,1050782,4,Yes,2018-04-10,2022-04-23,3,45,No,NULL,7,PhD,1,18,33,1,0,0,0,1,0,0,1,1,0
E00028,"Arhaan Sanghvi",39,"Sales Manager",Female,Sales,1541283,7,No,2018-04-12,NULL,4,55,No,NULL,28,Diploma,5,11,11,1,1,0,0,1,1,1,1,1,1
E00029,"Vaibhav Khanna",34,Analyst,M,IT,1095873,1,Yes,2018-04-18,2019-06-18,2,40,No,NULL,6,Master's,2,19,22,0,0,0,0,0,0,0,1,0,0
E00030,"Kanav Mander",32,"Finance Manager",M,Finance,1239919,7,No,2018-04-23,NULL,2,45,Yes,2024-11-25,15,Master's,4,14,5,0,1,1,1,0,1,1,1,0,1
E00031,"Tejas Master",39,"Financial Analyst",Female,Finance,678489,7,No,2018-04-28,NULL,5,40,Yes,2024-11-29,13,Master's,4,15,5,0,1,1,1,1,0,0,0,0,1
E00032,"Ritvik Keer",37,"HR Manager",Male,HR,2377848,2,Yes,2018-04-30,2020-12-16,1,45,No,NULL,8,Master's,1,10,45,0,0,0,0,1,0,0,1,0,1
E00033,"Aayush Garde",31,"Marketing Associate",Female,Marketing,1014610,1,Yes,2018-05-14,2020-04-12,3,55,Yes,2019-07-17,5,Master's,2,15,46,0,0,0,0,1,1,0,0,1,1
E00034,"Sara Mandal",35,"Finance Manager",Female,Finance,978038,7,No,2018-06-14,NULL,3,45,Yes,2024-12-08,39,Bachelor's,3,0,15,1,1,1,1,1,0,1,0,0,0
E00035,"Myra Magar",38,"Finance Manager",M,Finance,1078785,7,No,2018-06-22,NULL,4,50,Yes,2024-07-27,42,Diploma,4,19,5,1,0,0,0,0,1,0,1,1,1
E00036,"Kaira Lal",35,"Analytics Team Leader",Female,IT,2677714,7,No,2018-06-29,NULL,5,45,No,NULL,20,Diploma,5,0,10,0,1,1,1,1,1,1,1,1,1
E00037,"Vihaan Walla",34,"HR Coordinator",Female,HR,1190818,2,Yes,2018-07-19,2020-08-25,3,40,No,NULL,11,Master's,2,1,45,0,0,0,0,0,1,1,1,1,1
E00038,"Jhanvi Bedi",35,Director,Female,Finance,1718723,6,No,2018-07-26,NULL,4,55,Yes,2024-07-05,46,Diploma,4,4,13,1,1,0,1,0,1,0,0,0,0
E00039,"Uthkarsh Savant",36,"HR Coordinator",Female,HR,1179608,6,No,2018-07-28,NULL,4,50,No,NULL,28,PhD,3,10,6,1,1,1,1,1,0,1,0,1,1
E00040,"Adah Chahal",38,"Content Creator",M,Marketing,441368,3,Yes,2018-08-07,2022-01-13,1,40,No,NULL,15,Diploma,2,11,23,1,0,0,0,1,1,1,1,1,1
E00041,"Saksham Hegde",32,"Marketing Associate",Female,Marketing,1089069,5,Yes,2018-08-22,2023-10-19,1,50,No,NULL,15,PhD,1,10,42,0,0,0,0,0,0,1,1,1,1
E00042,"Aayush Bhardwaj",32,"Sales Representative",Male,Sales,911459,6,No,2018-09-06,NULL,3,50,Yes,2025-04-12,35,PhD,5,11,9,1,1,1,1,1,0,0,0,1,1
E00043,"Arnav Bahri",33,"HR Coordinator",F,HR,1366169,3,Yes,2018-09-17,2022-07-28,2,40,No,NULL,13,Diploma,2,7,48,0,0,0,0,0,1,0,0,0,0
E00044,"Romil Majumdar",36,"HR Coordinator",Male,HR,1458947,1,Yes,2018-09-26,2020-04-30,1,40,Yes,2020-01-12,7,PhD,1,6,20,1,0,0,0,1,0,1,0,0,1
E00045,"Zaina Magar",39,"Operations Manager",Male,Operations,885443,2,Yes,2018-09-27,2021-05-06,3,50,No,NULL,5,Master's,1,10,50,1,0,0,0,0,1,0,0,0,0
E00046,"Sara Sahni",32,"Finance Manager",F,Finance,1117124,6,No,2018-10-06,NULL,5,55,No,NULL,35,PhD,4,13,13,1,0,1,1,0,0,1,1,1,0
E00047,"Anika Baria",36,"Financial Analyst",Female,Finance,588910,6,Yes,2018-10-19,2024-12-08,2,55,No,NULL,14,Bachelor's,1,3,44,1,0,0,0,1,0,0,0,1,0
E00048,"Stuvan Subramanian",34,"HR Manager",Female,HR,1521881,6,No,2018-10-25,NULL,3,55,No,NULL,30,Master's,5,1,13,1,0,0,1,0,0,1,1,1,1
E00049,"Divit Kale",34,"Sales Representative",Male,Sales,980104,6,No,2018-10-30,NULL,4,45,No,NULL,46,PhD,4,15,15,1,1,1,1,1,0,0,0,0,1
E00050,"Saira Khosla",32,"Finance Manager",Female,Finance,1314894,6,No,2018-11-10,NULL,4,45,Yes,2025-01-10,23,PhD,4,15,15,0,1,0,1,0,1,1,1,1,1
E00051,"Hiran Tailor",33,"Marketing Coordinator",Female,Marketing,1398740,6,No,2018-11-20,NULL,2,45,No,NULL,8,Diploma,4,20,7,0,0,0,0,1,1,0,0,1,1
E00052,"Nitara Bajaj",33,"HR Manager",Male,HR,1567187,5,Yes,2018-11-21,2024-09-12,2,50,No,NULL,5,PhD,2,9,33,1,0,0,0,1,1,0,1,0,0
E00053,"Elakshi Buch",33,"Marketing Coordinator",Male,Marketing,1317261,6,No,2018-11-24,NULL,3,45,Yes,2025-03-09,7,Bachelor's,3,16,15,1,1,1,1,1,0,1,0,1,1
E00054,"Mehul Ramaswamy",35,"HR Manager",Male,HR,2375935,2,Yes,2018-11-27,2021-08-11,1,50,No,NULL,11,Diploma,2,17,31,0,0,0,0,1,1,1,1,1,1
E00055,"Trisha Venkataraman",35,"Marketing Associate",F,Marketing,1102197,1,Yes,2018-12-02,2019-12-15,2,50,No,NULL,11,Bachelor's,1,11,31,0,0,0,0,0,0,1,1,0,1
E00056,"Aarush Gole",34,"Account Exec.",Female,Sales,758122,6,No,2018-12-04,NULL,5,40,Yes,2024-12-16,14,Bachelor's,5,2,10,1,0,1,1,1,1,0,1,1,1
E00057,"Priyansh Sankaran",33,"Sales Manager",Male,Sales,1307800,6,No,2019-01-04,NULL,5,40,No,NULL,48,Diploma,3,20,11,1,1,1,1,1,1,0,0,1,0
E00058,"Hansh Atwal",36,"HR Coordinator",F,HR,1304913,6,No,2019-01-06,NULL,2,45,Yes,2025-02-24,24,Master's,5,15,14,0,1,1,0,1,1,0,1,0,0
E00059,"Pranay Gera",33,"Finance Manager",Male,Finance,1045089,1,Yes,2019-01-07,2020-10-19,1,40,Yes,2020-07-28,7,Master's,2,11,43,1,0,0,0,0,0,0,0,1,0
E00060,"Ahana  Bath",31,"Sales Manager",Female,Sales,1824218,1,Yes,2019-01-31,2020-07-21,1,45,No,NULL,5,Master's,2,18,27,1,0,0,0,1,1,1,1,1,1
E00061,"Tarini Krishnamurthy",38,Recruiter,Male,HR,565673,6,No,2019-02-02,NULL,4,55,Yes,2025-03-03,22,Master's,5,3,7,1,0,0,0,1,0,0,1,1,1
E00062,"Yasmin Anne",31,"Sales Manager",Female,Sales,1537156,6,No,2019-02-19,NULL,3,55,Yes,2024-11-19,9,Diploma,5,20,13,1,0,0,0,0,0,0,1,0,0
E00063,"Hrishita Chaudry",35,"Sales Representative",Male,Sales,593727,1,Yes,2019-03-08,2020-08-23,2,45,Yes,2020-05-27,6,Bachelor's,1,18,31,0,0,0,0,1,1,1,0,1,1
E00064,"Ahana  Grewal",34,"HR Manager",Female,HR,1573068,4,Yes,2019-03-10,2023-06-07,2,55,No,NULL,5,PhD,1,13,30,0,0,0,0,0,1,1,1,0,1
E00065,"Renee Virk",35,"Operations Manager",Male,Operations,1346743,6,No,2019-04-01,NULL,3,55,Yes,2025-03-31,26,Diploma,3,12,5,1,1,0,1,0,0,0,1,0,1
E00066,"Romil Dey",38,"Account Exec.",Female,Sales,692373,2,Yes,2019-04-10,2021-12-26,1,45,Yes,2021-04-24,12,PhD,1,2,42,1,0,0,0,1,1,1,1,0,1
E00067,"Arhaan Iyer",39,"Financial Analyst",M,Finance,723896,5,Yes,2019-04-12,2024-12-03,3,50,No,NULL,10,PhD,2,4,26,0,0,0,0,1,0,0,0,1,0
E00068,"Shanaya Viswanathan",33,"SD 3",Male,IT,3037527,6,No,2019-04-29,NULL,5,50,Yes,2024-06-30,48,PhD,4,13,12,1,0,1,0,0,1,1,0,0,0
E00069,"Chirag Kala",34,"Marketing Associate",F,Marketing,1221315,6,No,2019-05-09,NULL,3,55,No,NULL,33,PhD,5,4,15,0,0,1,1,0,0,0,0,0,1
E00070,"Rati Thakkar",35,"Marketing Coordinator",F,Marketing,1153649,6,No,2019-05-11,NULL,4,55,Yes,2024-12-03,26,Master's,4,0,15,0,1,1,1,1,1,1,1,1,1
E00071,"Kartik Chanda",33,"Senior Analyst",Female,IT,1529395,6,Yes,2019-05-17,2025-06-06,2,50,Yes,2021-01-16,8,Bachelor's,1,16,47,0,0,0,0,1,1,1,1,1,1
E00072,"Vaibhav Manne",37,Recruiter,Female,HR,528160,6,No,2019-06-18,NULL,2,50,No,NULL,29,Diploma,3,5,9,0,1,0,1,1,0,0,1,0,0
E00073,"Samiha Yohannan",35,"Sales Representative",Female,Sales,909122,6,No,2019-06-20,NULL,5,50,No,NULL,35,Bachelor's,4,16,14,0,1,1,1,0,0,0,1,1,0
E00074,"Amani Banerjee",35,Analyst,M,IT,801663,5,Yes,2019-07-03,2025-05-21,3,50,Yes,2021-09-23,7,Master's,1,15,10,0,0,0,0,0,0,0,0,1,0
E00075,"Stuvan Khosla",32,"HR Manager",Female,HR,1569227,2,Yes,2019-07-05,2021-09-25,2,55,No,NULL,5,Diploma,2,7,44,0,0,0,0,0,1,0,0,0,1
E00076,"Sara Sankar",31,"Account Executive",Male,Sales,904508,5,No,2019-07-14,NULL,4,50,Yes,2025-05-30,25,PhD,5,1,8,1,1,1,1,1,1,1,0,0,1
E00077,"Vivaan Sen",37,"HR Coordinator",Male,HR,1394924,2,Yes,2019-07-27,2022-01-14,2,45,No,NULL,15,Diploma,2,7,41,1,0,0,0,1,1,1,1,1,1
E00078,"Darshit Tara",35,"Marketing Coordinator",Female,Marketing,1283904,4,Yes,2019-07-31,2023-08-19,3,40,Yes,2021-05-08,10,Bachelor's,1,11,36,1,0,0,0,1,1,0,0,0,1
E00079,"Anay Thaker",35,"Finance Manager",F,Finance,1269664,5,No,2019-08-02,NULL,5,45,Yes,2024-08-05,32,Master's,5,11,7,1,0,0,0,0,0,1,0,1,1
E00080,"Shaan Sarma",33,"Sales Representative",Female,Sales,937695,3,Yes,2019-08-03,2022-11-15,3,50,No,NULL,13,Master's,1,7,41,1,0,0,0,1,1,0,1,0,1
E00081,"Drishya Ramakrishnan",32,"Analytics Team Leader",Female,IT,2258481,5,No,2019-10-05,NULL,3,40,No,NULL,8,PhD,4,9,12,1,1,1,1,1,0,1,0,1,0
E00082,"Taimur Saraf",35,"Account Executive",Male,Sales,705604,2,Yes,2019-10-14,2022-06-17,3,55,Yes,2021-12-21,12,Bachelor's,1,11,31,1,0,0,0,1,0,0,0,1,0
E00083,"Ehsaan Kala",35,"Senior Analyst",Male,IT,1679754,5,No,2019-11-12,NULL,3,55,Yes,2024-09-18,42,Bachelor's,3,13,13,0,0,1,0,0,1,1,1,1,1
E00084,"Ehsaan Raju",32,Accountant,F,Finance,919988,5,No,2019-11-19,NULL,4,45,No,NULL,15,Master's,3,10,14,0,0,0,1,0,0,1,1,1,1
E00085,"Ishaan Gill",36,Recruiter,M,HR,724325,5,No,2019-11-21,NULL,2,55,No,NULL,26,Bachelor's,3,19,14,1,1,1,1,1,1,1,1,0,0
E00086,"Rasha Dugal",38,"Marketing Coordinator",Female,Marketing,1315996,2,Yes,2019-11-21,2022-01-07,2,45,No,NULL,13,PhD,2,15,36,1,0,0,0,1,0,0,0,0,1
E00087,"Faiyaz Wadhwa",33,"Finance Manager",F,Finance,1358519,5,No,2019-11-23,NULL,5,50,Yes,2025-04-15,37,Diploma,4,0,10,0,1,0,0,0,0,1,1,1,0
E00088,"Raunak Lad",36,"Financial Analyst",Female,Finance,645368,5,Yes,2019-12-07,2025-06-06,2,40,No,NULL,5,PhD,1,1,14,0,0,0,0,0,0,1,0,0,1
E00089,"Charvi Krish",33,Accountant,M,Finance,934516,5,Yes,2019-12-08,2025-06-06,1,45,Yes,2021-02-15,8,Master's,1,0,49,0,0,0,0,0,1,1,1,1,1
E00090,"Saira Khatri",37,"Marketing Coordinator",Female,Marketing,1406220,3,Yes,2019-12-17,2023-02-26,3,50,No,NULL,10,PhD,1,4,39,1,0,0,0,1,1,0,1,1,1
E00091,"Vihaan Bath",31,"Logistics Coordinator",Male,Operations,659608,5,No,2019-12-20,NULL,2,50,Yes,2025-05-07,30,Bachelor's,5,19,10,0,0,1,0,0,0,0,0,1,0
E00092,"Yuvraj  Batra",34,"Sales Representative",Male,Sales,613697,1,Yes,2019-12-30,2021-11-09,2,40,No,NULL,7,Diploma,2,16,28,0,0,0,0,0,0,0,1,0,1
E00093,"Rasha Ganesh",34,"Sales Representative",Female,Sales,629799,3,Yes,2020-02-09,2023-03-23,2,50,No,NULL,13,Diploma,2,12,13,1,0,0,0,0,1,1,0,1,0
E00094,"Shalv Vaidya",33,"Sales Representative",Male,Sales,862816,3,Yes,2020-02-25,2023-03-21,3,40,No,NULL,9,Diploma,1,20,34,0,0,0,0,1,0,1,0,0,0
E00095,"Bhamini Goel",34,Recruiter,Female,HR,746934,5,No,2020-02-28,NULL,3,45,Yes,2025-01-06,22,PhD,4,18,13,1,1,1,0,0,0,0,0,1,0
E00096,"Arnav Deshmukh",31,"Finance Manager",Female,Finance,1374204,5,No,2020-03-24,NULL,3,50,No,NULL,22,Diploma,3,0,14,1,0,0,1,1,1,0,0,1,1
E00097,"Ojas Behl",34,Creator,Male,Marketing,382052,5,No,2020-04-03,NULL,2,55,Yes,2024-08-04,5,Master's,3,18,14,1,1,0,1,1,0,1,0,1,0
E00098,"Shray Dara",35,"Sales Manager",Male,Sales,1857845,1,Yes,2020-04-10,2022-04-06,1,40,No,NULL,11,Diploma,1,14,23,1,0,0,0,1,1,1,1,1,1
E00099,"Ela Vasa",32,"SD 3",Female,IT,3452993,2,Yes,2020-04-15,2023-02-10,3,40,Yes,2022-11-30,15,Bachelor's,2,19,27,0,0,0,0,1,1,1,1,1,1
E00100,"Biju Hans",35,"HR Manager",M,HR,2407719,2,Yes,2020-04-16,2023-02-08,1,50,No,NULL,9,Bachelor's,1,10,36,1,0,0,0,0,1,1,0,0,1
E00101,"Kaira Ravel",34,"Marketing Coordinator",M,Marketing,1217884,5,No,2020-05-15,NULL,4,45,Yes,2024-09-24,6,Bachelor's,4,10,10,1,1,0,1,1,1,0,1,1,1
E00102,"Miraya Som",39,"Finance Manager",Male,Finance,1237317,2,Yes,2020-05-18,2023-03-23,3,45,No,NULL,5,Diploma,1,8,30,1,0,0,0,0,0,1,0,0,0
E00103,"Prerak Tella",34,"Marketing Associate",Male,Marketing,1469923,1,Yes,2020-05-23,2021-11-26,3,50,No,NULL,5,PhD,1,5,21,1,0,0,0,1,1,1,1,1,1
E00104,"Saksham Seshadri",34,"Senior Analyst",Female,IT,1414883,5,No,2020-06-13,NULL,2,50,Yes,2024-10-28,20,Bachelor's,3,19,5,1,0,1,1,1,1,0,0,1,1
E00105,"Ira Gara",32,"HR Manager",Male,HR,1603222,5,No,2020-06-14,NULL,4,50,Yes,2025-02-19,7,Diploma,5,5,5,1,1,1,1,1,0,0,0,0,1
E00106,"Ranbir Varghese",34,"Senior Analyst",Female,IT,1629696,1,Yes,2020-06-23,2021-09-03,2,50,Yes,2021-07-26,11,Master's,1,15,39,0,0,0,0,0,0,1,1,0,0
E00107,"Jiya Bains",34,"Sales Manager",Male,Sales,1174249,5,No,2020-06-27,NULL,5,45,No,NULL,7,Bachelor's,4,16,13,0,0,0,0,1,0,0,0,0,1
E00108,"Divyansh Srinivas",35,"Marketing Coordinator",Female,Marketing,1297106,2,Yes,2020-06-30,2023-02-09,3,50,No,NULL,11,Bachelor's,2,1,26,0,0,0,0,0,0,0,1,1,1
E00109,"Samarth Kari",31,"Senior Analyst",M,IT,1945074,5,No,2020-07-03,NULL,2,55,Yes,2024-12-14,48,Master's,3,3,8,1,0,0,0,0,0,1,1,1,1
E00110,"Kaira Kakar",35,"Financial Analyst",F,Finance,632153,1,Yes,2020-07-07,2021-07-19,3,55,No,NULL,8,PhD,2,12,48,1,0,0,0,1,0,1,0,1,0
E00111,"Heer Venkataraman",39,"Finance Manager",Male,Finance,1130202,4,No,2020-07-13,NULL,2,55,Yes,2025-05-29,38,Diploma,3,2,6,1,1,0,1,1,1,1,1,1,1
E00112,"Shlok Chandran",34,"Finance Manager",Female,Finance,1080007,4,No,2020-08-04,NULL,5,45,Yes,2025-04-05,15,Master's,3,10,8,0,0,0,1,0,0,1,1,1,1
E00113,"Armaan Dora",39,"Logistics Coordinator",Male,Operations,584909,2,Yes,2020-08-14,2023-08-09,1,55,Yes,2022-11-08,14,Diploma,1,15,36,0,0,0,0,1,0,0,1,1,1
E00114,"Lakshay Chander",37,"SD 1",M,IT,1672423,2,Yes,2020-08-18,2022-12-20,3,55,No,NULL,11,PhD,2,0,42,0,0,0,0,0,1,1,1,1,1
E00115,"Miraya Bedi",37,Recruiter,Female,HR,688835,2,Yes,2020-08-22,2023-01-05,2,55,Yes,2022-01-09,9,PhD,1,8,29,1,0,0,0,0,1,1,1,1,1
E00116,"Indrajit Bahl",37,COO,M,NULL,7500000,4,No,2020-08-31,NULL,5,55,No,NULL,14,Bachelor's,4,0,15,1,0,1,1,1,0,1,1,1,1
E00117,"Riaan Loyal",36,"Account Executive",Male,Sales,698654,3,Yes,2020-09-04,2024-02-18,3,55,Yes,2022-01-26,5,Master's,2,17,46,1,0,0,0,0,1,0,1,1,0
E00118,"Riaan Grewal",37,DataAnalyst,Male,IT,1149244,4,No,2020-09-15,NULL,4,50,Yes,2024-07-03,47,Bachelor's,5,16,14,1,1,1,1,0,0,1,1,0,1
E00119,"Armaan Ramesh",38,Recruiter,Female,HR,586292,1,Yes,2020-09-26,2022-02-15,3,50,Yes,2021-11-11,7,Bachelor's,2,20,25,1,0,0,0,0,1,1,1,1,1
E00120,"Ranbir Thakur",35,"Sales Representative",Female,Sales,953067,4,No,2020-10-05,NULL,3,50,Yes,2025-05-23,41,Master's,5,13,5,1,1,0,1,1,1,1,1,0,1
E00121,"Arnav Baria",38,"SD 2",F,IT,2722639,1,Yes,2020-10-07,2022-02-18,2,40,Yes,2021-10-14,14,Diploma,1,12,50,1,0,0,0,1,1,0,0,0,0
E00122,"Veer Chad",35,"Sales Manager",Male,Sales,1614721,4,No,2020-10-16,NULL,4,50,No,NULL,27,PhD,4,8,13,0,1,1,1,1,1,1,1,1,1
E00123,"Fateh Kapoor",36,Accountant,Male,Finance,858644,2,Yes,2020-10-18,2022-11-08,1,55,No,NULL,15,Master's,1,8,28,0,0,0,0,1,0,1,0,0,1
E00124,"Tejas Kumer",31,"Head Data Analytics",F,IT,4005606,4,No,2020-10-20,NULL,5,50,Yes,2025-06-02,30,Diploma,3,6,5,1,1,1,1,1,0,1,0,0,0
E00125,"Ojas Garde",34,AccountExec.,M,Sales,1183498,3,Yes,2020-11-21,2024-01-28,1,45,Yes,2022-08-04,9,Master's,1,9,37,0,0,0,0,1,1,1,1,1,1
E00126,"Indranil Dora",35,"Account Executive",Male,Sales,911306,4,No,2020-12-01,NULL,5,40,Yes,2024-09-13,18,Bachelor's,4,17,7,1,0,0,0,0,0,1,1,0,0
E00127,"Divij Sane",35,"SD 1",Female,IT,1609486,1,Yes,2020-12-17,2022-02-06,3,40,No,NULL,14,Bachelor's,1,0,8,1,0,0,0,0,0,1,1,0,0
E00128,"Heer Chakraborty",34,"Sales Manager",F,Sales,1607619,2,Yes,2020-12-25,2023-07-07,2,40,Yes,2022-09-03,14,PhD,1,1,32,1,0,0,0,1,1,1,1,0,0
E00129,"Madhav Ganguly",36,"Sales Representative",Male,Sales,801000,1,Yes,2020-12-29,2022-10-17,2,40,No,NULL,6,Diploma,1,15,41,0,0,0,0,0,1,1,1,1,1
E00130,"Navya Lalla",36,"Account Executive",Male,Sales,919021,1,Yes,2021-01-22,2022-08-13,2,45,Yes,2022-02-11,7,Bachelor's,1,10,31,1,0,0,0,1,1,1,0,1,1
E00131,"Nitya Kohli",35,"Marketing Coordinator",Male,Marketing,1236236,2,Yes,2021-02-01,2024-01-14,1,50,No,NULL,6,Diploma,1,17,49,1,0,0,0,1,0,0,1,1,1
E00132,"Himmat Walla",31,Accountant,Male,Finance,951938,3,Yes,2021-02-14,2024-08-10,3,40,No,NULL,10,Diploma,1,17,19,0,0,0,0,1,1,0,0,0,0
E00133,"Adira Dugar",35,"Financial Analyst",Male,Finance,668715,4,No,2021-02-22,NULL,4,40,No,NULL,6,Bachelor's,5,1,10,0,1,1,0,1,0,1,1,1,0
E00134,"Kavya Bhakta",31,"Sales Representative",Male,Sales,847469,1,Yes,2021-03-07,2022-12-06,3,50,Yes,2022-07-23,12,PhD,1,13,33,0,0,0,0,0,1,0,0,1,0
E00135,"Miraan Sha",32,"Sales Manager",Female,Sales,1212221,4,No,2021-04-10,NULL,3,55,Yes,2024-09-30,34,Bachelor's,3,15,6,1,1,0,0,1,1,1,1,1,1
E00136,"Kiara Kakar",32,"Financial Analyst",Male,Finance,688655,4,No,2021-05-05,NULL,3,45,Yes,2025-05-25,42,Diploma,5,4,7,1,0,0,0,1,1,1,1,1,1
E00137,"Darshit Loyal",39,"Sales Representative",Female,Sales,661492,4,No,2021-05-15,NULL,3,50,No,NULL,9,Diploma,4,8,14,0,1,1,1,0,1,0,0,1,0
E00138,"Vidur Sethi",36,Recruiter,Male,HR,995483,4,No,2021-05-18,NULL,2,45,No,NULL,20,PhD,4,6,5,0,1,0,0,0,1,1,0,1,0
E00139,"Kabir Karan",31,"Marketing Manager",Female,Marketing,2946749,3,Yes,2021-05-22,2024-09-04,1,55,No,NULL,10,Master's,2,10,45,1,0,0,0,1,0,0,1,0,0
E00140,"Priyansh Guha",34,"Sales Manager",Male,Sales,1760270,3,Yes,2021-06-13,2025-03-12,2,40,No,NULL,13,Master's,1,17,5,1,0,0,0,0,1,1,1,1,1
E00141,"Ojas Samra",39,"HR Manager",Male,HR,2325063,3,Yes,2021-07-04,2024-07-09,3,55,No,NULL,5,PhD,1,20,33,1,0,0,0,0,1,1,1,1,1
E00142,"Manikya Batra",30,"Finance Manager",F,Finance,904055,2,Yes,2021-07-10,2023-09-05,3,45,No,NULL,6,Bachelor's,1,0,38,0,0,0,0,1,1,1,1,1,1
E00143,"Ranbir Raval",28,"SD 1",Female,IT,2031888,3,Yes,2021-07-11,2025-03-14,3,55,Yes,2023-01-27,5,Bachelor's,2,20,5,0,0,0,0,1,0,0,1,1,0
E00144,"Badal Bhat",32,"HR Coordinator",Male,HR,1174750,3,No,2021-07-12,NULL,5,55,Yes,2024-12-11,30,Master's,5,16,10,0,1,1,0,1,1,1,1,1,0
E00145,"Elakshi Tak",31,"Marketing Associate",F,Marketing,1369421,3,No,2021-07-15,NULL,2,50,No,NULL,49,Diploma,4,20,5,1,1,1,0,1,1,0,1,0,0
E00146,"Shayak Sridhar",25,DataAnalyst,Male,IT,1158875,3,Yes,2021-07-16,2025-01-07,1,45,Yes,2023-08-18,6,Diploma,1,15,27,0,0,0,0,1,1,1,1,1,1
E00147,"Miraan Shroff",26,AccountExecutive,Female,Sales,1112746,1,Yes,2021-07-16,2023-05-28,1,40,Yes,2022-11-27,11,Bachelor's,2,17,41,1,0,0,0,0,1,1,1,1,1
E00148,"Rhea Borde",32,Recruiter,M,HR,762032,3,Yes,2021-07-16,2025-01-02,2,55,No,NULL,14,PhD,1,11,27,1,0,0,0,0,0,0,1,1,0
E00149,"Nirvi Dass",26,"Content Creator",Female,Marketing,460526,3,No,2021-07-22,NULL,5,50,No,NULL,26,Diploma,3,17,11,1,0,0,1,1,0,0,0,1,0
E00150,"Hunar Manda",30,"Account Executive",Male,Sales,756881,3,No,2021-07-22,NULL,4,55,Yes,2024-08-09,20,PhD,5,8,5,1,1,0,1,0,1,0,1,1,1
E00151,"Anika Banerjee",27,"Analytics Team Leader",Female,IT,2105209,3,No,2021-07-31,NULL,2,40,No,NULL,11,PhD,3,16,8,0,0,1,0,1,1,1,0,1,1
E00152,"Kavya Devan",26,"Senior Analyst",Female,IT,1697719,1,Yes,2021-07-31,2023-01-31,1,40,No,NULL,6,Master's,2,7,26,1,0,0,0,1,0,1,0,1,0
E00153,"Indrans Chakrabarti",26,Accountant,Male,Finance,885827,3,No,2021-07-31,NULL,2,50,No,NULL,13,Master's,3,13,5,0,0,0,1,1,1,1,0,1,1
E00154,"Shayak Krish",39,"HR Manager",Male,HR,2167236,3,No,2021-08-01,NULL,5,45,No,NULL,6,PhD,5,4,14,1,1,1,1,1,1,0,0,1,0
E00155,"Taran Ganesh",35,DataAnalyst,Male,IT,819627,3,Yes,2021-08-10,2025-06-06,2,55,No,NULL,7,PhD,2,2,18,1,0,0,0,0,1,1,1,0,0
E00156,"Ivana Sant",37,"Senior Analyst",Male,IT,1843946,3,No,2021-08-13,NULL,2,40,Yes,2024-10-13,30,Diploma,5,0,15,0,1,0,0,1,0,1,1,1,1
E00157,"Jivika Thakkar",34,"Financial Analyst",Female,Finance,779004,1,Yes,2021-08-25,2022-12-05,2,40,Yes,2022-08-25,8,Diploma,2,10,12,0,0,0,0,0,1,1,1,1,0
E00158,"Sahil Kuruvilla",30,Accountant,M,Finance,986295,1,Yes,2021-08-29,2022-09-24,2,55,No,NULL,12,PhD,1,10,26,1,0,0,0,1,0,0,0,1,0
E00159,"Shamik Shankar",30,"Marketing Coordinator",M,Marketing,1124091,2,Yes,2021-09-04,2024-08-23,1,55,No,NULL,7,Bachelor's,2,9,46,1,0,0,0,1,1,1,1,1,1
E00160,"Ivan Rattan",25,Accountant,Female,Finance,964337,3,No,2021-09-05,NULL,5,55,No,NULL,16,Bachelor's,3,17,5,1,1,1,0,0,1,1,0,1,0
E00161,"Vanya Kala",29,"HR Manager",Male,HR,2602458,3,Yes,2021-09-05,2024-12-12,1,45,No,NULL,12,Diploma,1,19,13,0,0,0,0,1,0,0,0,1,0
E00162,"Piya Singh",34,"Sales Representative",Male,Sales,668528,3,No,2021-09-06,NULL,3,45,Yes,2025-05-03,38,Bachelor's,5,17,15,0,1,1,1,1,0,1,1,1,0
E00163,"Divyansh Keer",28,"Financial Analyst",Male,Finance,793565,3,No,2021-09-12,NULL,5,40,Yes,2025-01-11,43,PhD,3,17,15,0,1,0,1,0,1,0,0,1,0
E00164,"Arnav Dayal",30,Director,M,HR,5000000,3,No,2021-09-15,NULL,2,50,Yes,2025-04-15,11,Diploma,4,0,9,0,0,1,0,0,1,0,1,1,1
E00165,"Alia Kalla",30,"Marketing Coordinator",M,Marketing,1190422,1,Yes,2021-09-15,2022-10-24,3,40,Yes,2022-09-24,14,Diploma,1,9,11,0,0,0,0,0,1,1,0,1,1
E00166,"Yashvi Chada",30,"Sales Manager",M,Sales,1303089,3,No,2021-09-16,NULL,2,55,No,NULL,30,Bachelor's,3,11,9,1,1,0,0,1,0,0,0,0,1
E00167,"Chirag Chowdhury",27,"Logistics Coordinator",Female,Operations,670703,3,No,2021-09-16,NULL,5,55,Yes,2025-05-05,44,PhD,5,2,10,0,0,0,1,0,1,1,1,0,1
E00168,"Devansh Sule",28,Analyst,Female,IT,859619,3,No,2021-09-19,NULL,4,40,No,NULL,13,Diploma,3,11,10,0,0,1,0,1,0,0,1,0,1
E00169,"Ivana Sarma",36,"Financial Analyst",Male,Finance,740268,3,No,2021-09-23,NULL,5,45,No,NULL,47,Bachelor's,4,4,9,0,0,1,1,1,1,1,1,1,1
E00170,"Ishita Khare",32,"Logistics Coordinator",M,Operations,958300,1,Yes,2021-09-25,2023-06-28,3,50,No,NULL,8,Bachelor's,2,6,28,1,0,0,0,1,1,1,1,0,1
E00171,"Kismat Anne",30,Recruiter,Male,HR,803236,3,No,2021-10-11,NULL,2,45,No,NULL,10,Diploma,3,20,8,1,0,0,1,0,1,1,1,0,0
E00172,"Ahana  Doctor",35,"HR Coordinator",Male,HR,1425046,1,Yes,2021-10-17,2023-07-05,2,45,Yes,2023-03-26,9,Master's,1,13,30,0,0,0,0,1,1,1,0,1,0
E00173,"Jayan Garde",26,"Data Analyst",Female,IT,1052477,3,No,2021-10-20,NULL,5,45,Yes,2024-09-22,15,Diploma,5,7,15,1,0,0,0,1,0,0,0,1,1
E00174,"Ela Vig",28,"Analytics Team Leader",Female,IT,2131887,3,No,2021-10-22,NULL,5,55,No,NULL,38,Master's,5,3,5,0,0,1,0,1,1,1,0,1,1
E00175,"Oorja Madan",25,Recruiter,Female,HR,593243,3,No,2021-10-22,NULL,5,55,Yes,2024-11-24,33,Bachelor's,3,6,5,1,0,1,1,0,1,0,0,0,0
E00176,"Pari Sarkar",28,AccountExecutive,F,Sales,1151277,1,Yes,2021-10-31,2023-06-15,2,45,Yes,2022-11-04,11,Bachelor's,2,2,32,0,0,0,0,1,0,1,1,0,0
E00177,"Myra Dhaliwal",25,"Finance Manager",Female,Finance,1282237,1,Yes,2021-11-03,2022-12-11,2,40,No,NULL,6,Bachelor's,2,8,40,1,0,0,0,1,1,1,1,1,1
E00178,"Pihu Chatterjee",38,"Marketing Associate",M,Marketing,1088265,2,Yes,2021-11-04,2024-10-13,2,55,Yes,2022-02-21,12,Bachelor's,2,17,50,1,0,0,0,1,1,1,1,1,1
E00179,"Vritika Srinivasan",31,"Data Engineer",Female,IT,1788382,3,No,2021-11-04,NULL,2,45,No,NULL,50,Bachelor's,5,4,12,0,1,0,1,0,1,1,1,0,0
E00180,"Heer Ravel",28,"Marketing Coordinator",Male,Marketing,1067302,3,No,2021-11-06,NULL,3,55,No,NULL,17,Master's,4,0,5,1,0,0,0,0,1,1,1,1,1
E00181,"Mamooty Sachdeva",33,"Sales Representative",Female,Sales,795812,3,Yes,2021-11-06,2025-04-19,1,40,No,NULL,8,Diploma,2,4,42,1,0,0,0,0,1,1,0,1,1
E00182,"Ira Keer",26,"HR Coordinator",Female,HR,1307475,3,Yes,2021-11-07,2025-06-06,2,45,Yes,2022-05-03,12,Bachelor's,2,10,16,0,0,0,0,1,0,0,1,0,1
E00183,"Dharmajan Baria",38,"SD 1",Female,IT,1793287,3,No,2021-11-09,NULL,3,40,Yes,2025-01-30,48,Bachelor's,5,1,13,0,1,0,1,1,1,1,0,1,0
E00184,"Riya Rout",34,"Senior Analyst",Male,IT,1843909,3,No,2021-11-12,NULL,5,50,Yes,2025-03-01,5,Master's,4,11,8,0,0,0,0,1,1,1,1,1,1
E00185,"Piya Verma",27,"Marketing Coordinator",Male,Marketing,1357943,3,No,2021-11-13,NULL,2,45,Yes,2024-10-08,17,PhD,4,14,8,0,1,0,0,0,1,1,1,1,1
E00186,"Zara Mahal",38,"Data Analyst",Female,IT,1027841,3,Yes,2021-11-15,2025-06-06,1,50,Yes,2024-10-17,14,PhD,1,5,38,1,0,0,0,1,0,1,0,1,1
E00187,"Anaya Sangha",28,"Marketing Manager",Female,Marketing,2384616,2,Yes,2021-11-15,2024-06-29,1,40,No,NULL,10,Master's,2,19,10,1,0,0,0,0,1,0,0,0,0
E00188,"Pihu Bose",27,Accountant,Male,Finance,821256,3,No,2021-11-16,NULL,4,45,No,NULL,41,Bachelor's,4,19,15,0,1,1,0,1,1,1,1,0,1
E00189,"Amira Sehgal",32,CTO,F,IT,6000000,3,No,2021-11-25,NULL,5,45,No,NULL,24,Master's,5,2,13,0,1,1,1,1,1,0,1,1,1
E00190,"Myra Bhargava",36,"Marketing Manager",Female,Marketing,2887619,3,No,2021-11-25,NULL,3,40,No,NULL,29,Master's,4,2,14,0,1,1,0,0,1,0,0,1,0
E00191,"Madhup Shankar",38,"Financial Analyst",Female,Finance,678538,3,No,2021-11-30,NULL,5,50,No,NULL,21,PhD,4,7,12,0,0,0,1,1,0,0,1,0,1
E00192,"Ivana Batra",29,"Marketing Coordinator",Male,Marketing,1459154,1,Yes,2021-12-09,2023-02-14,2,45,Yes,2023-01-10,11,Master's,2,4,33,1,0,0,0,0,1,1,0,0,0
E00193,"Onkar Khosla",37,"Finance Manager",Female,Finance,1279019,3,Yes,2021-12-13,2025-06-06,1,45,Yes,2023-04-15,7,PhD,2,7,41,1,0,0,0,0,1,1,1,0,0
E00194,"Riaan Majumdar",36,"HR Manager",M,HR,2005445,2,Yes,2021-12-14,2024-03-19,1,40,No,NULL,13,PhD,2,19,48,1,0,0,0,1,1,0,0,0,0
E00195,"Raunak Handa",28,"IT support specialist",Female,IT,1046750,1,Yes,2021-12-16,2023-10-03,2,45,No,NULL,9,Diploma,1,1,34,0,0,0,0,0,0,0,1,0,1
E00196,"Yakshit Chanda",26,"Sales Manager",Female,Sales,1047274,3,No,2021-12-18,NULL,4,45,No,NULL,37,Bachelor's,4,5,5,1,0,1,1,1,0,0,0,1,0
E00197,"Charvi Basu",32,"Sales Representative",Male,Sales,989323,3,Yes,2021-12-18,2025-01-11,1,55,Yes,2024-02-08,10,Diploma,2,13,44,1,0,0,0,1,1,1,1,1,1
E00198,"Nehmat Gokhale",31,"Content Creator",Female,Marketing,450508,3,Yes,2021-12-27,2025-06-06,3,40,No,NULL,8,Master's,1,3,33,1,0,0,0,1,0,0,1,1,0
E00199,"Hridaan Comar",27,Creator,Male,Marketing,328616,3,No,2021-12-30,NULL,4,45,Yes,2025-04-19,17,Diploma,4,15,13,0,1,0,1,0,0,1,0,1,1
E00200,"Divyansh Khanna",27,"Data Analyst",Female,IT,710018,3,No,2022-01-02,NULL,3,55,Yes,2024-08-09,11,PhD,4,5,13,1,1,1,1,1,1,1,1,1,0
E00201,"Krish De",26,"Financial Analyst",Female,Finance,542302,2,Yes,2022-01-14,2024-12-13,1,45,No,NULL,9,Bachelor's,1,14,16,1,0,0,0,0,0,1,1,0,1
E00202,"Anvi Gera",28,"SD 2",Female,IT,2829391,3,No,2022-01-15,NULL,2,45,No,NULL,7,Diploma,3,2,12,1,1,1,0,1,1,0,1,1,1
E00203,"Kiaan Vyas",34,"Marketing Coordinator",Female,Marketing,1014883,3,No,2022-01-15,NULL,4,50,No,NULL,26,PhD,5,8,6,1,0,0,1,1,0,0,0,0,1
E00204,"Shray Hayer",35,AccountExec.,Female,Sales,972709,2,Yes,2022-01-17,2024-10-19,3,50,No,NULL,13,Bachelor's,1,11,30,0,0,0,0,1,1,1,1,1,1
E00205,"Tara D’Alia",26,"Financial Analyst",Male,Finance,549313,3,No,2022-01-18,NULL,4,50,No,NULL,47,PhD,3,12,14,0,0,0,0,1,1,0,0,1,1
E00206,"Taran Agate",26,"Finance Manager",Male,Finance,1217331,3,No,2022-01-19,NULL,5,45,Yes,2024-07-11,41,Bachelor's,5,5,15,0,1,1,1,1,0,0,0,1,1
E00207,"Hazel Iyengar",30,"HR Manager",Female,HR,2245825,2,Yes,2022-01-22,2024-04-09,3,40,No,NULL,8,Bachelor's,1,2,10,0,0,0,0,0,1,1,1,1,1
E00208,"Zain Wagle",25,Accountant,F,Finance,843331,2,Yes,2022-01-29,2024-11-23,1,55,No,NULL,11,PhD,2,0,32,0,0,0,0,1,1,1,0,0,0
E00209,"Armaan Bajwa",34,"Marketing Coordinator",Female,Marketing,1154674,2,Yes,2022-02-02,2024-05-11,1,45,No,NULL,7,Bachelor's,1,2,41,1,0,0,0,0,0,0,1,1,1
E00210,"Arnav Doctor",35,"Marketing Associate",Female,Marketing,1080413,2,Yes,2022-02-13,2024-12-01,1,40,Yes,2024-02-11,11,PhD,1,4,34,0,0,0,0,1,1,1,1,0,0
E00211,"Kimaya Rout",33,"HR Manager",F,HR,2263426,2,Yes,2022-02-14,2024-08-02,1,45,Yes,2024-01-07,6,PhD,2,12,28,1,0,0,0,0,0,1,0,1,0
E00212,"Divyansh Keer",30,"Marketing Coordinator",Male,Marketing,1316521,2,Yes,2022-02-19,2024-03-23,2,55,No,NULL,12,PhD,1,17,46,0,0,0,0,0,1,1,1,1,1
E00213,"Misha Gala",30,"Finance Manager",Male,Finance,1347954,2,Yes,2022-02-20,2024-05-09,1,40,No,NULL,8,Master's,1,5,33,1,0,0,0,1,1,0,1,0,0
E00214,"Sumer Keer",38,Recruiter,Female,HR,580109,2,Yes,2022-02-23,2024-10-17,3,40,No,NULL,5,Bachelor's,2,10,41,1,0,0,0,1,1,0,1,0,0
E00215,"Dishani Mane",36,"Finance Manager",Female,Finance,864027,2,Yes,2022-02-27,2024-03-10,1,55,No,NULL,11,PhD,1,7,19,1,0,0,0,1,0,1,1,0,0
E00216,"Ishaan Garg",29,"Logistics Coordinator",Female,Operations,754814,3,No,2022-03-07,NULL,2,50,Yes,2024-12-28,35,PhD,5,6,14,1,1,0,0,1,1,0,1,0,1
E00217,"Jayesh Dasgupta",27,"Data Analyst",Female,IT,737103,3,No,2022-03-18,NULL,2,45,No,NULL,43,Master's,3,20,8,1,0,1,0,1,1,1,1,1,1
E00218,"Miraya Kashyap",28,"Financial Analyst",Female,Finance,621856,3,No,2022-03-28,NULL,2,50,No,NULL,20,PhD,3,10,10,0,0,0,0,1,0,1,0,0,0
E00219,"Faiyaz Ramesh",36,Recruiter,Female,HR,889825,2,Yes,2022-04-02,2024-11-09,2,55,Yes,2023-10-13,6,Master's,2,7,45,0,0,0,0,1,0,1,1,0,0
E00220,"Zain Buch",26,"Finance Manager",Female,Finance,1073901,2,Yes,2022-04-13,2024-06-08,3,50,No,NULL,13,Diploma,1,1,11,0,0,0,0,0,0,1,1,1,1
E00221,"Kanav Hari",39,"Sales Representative",Female,Sales,615428,3,No,2022-04-29,NULL,2,45,Yes,2025-04-19,27,PhD,5,4,9,0,1,0,0,1,1,0,0,0,0
E00222,"Charvi Venkatesh",37,"Marketing Coordinator",Female,Marketing,1051591,2,Yes,2022-05-04,2024-10-31,1,45,No,NULL,13,Diploma,1,7,19,1,0,0,0,0,0,1,0,1,0
E00223,"Rasha Wable",31,"HR Coordinator",Female,HR,1298012,3,No,2022-05-21,NULL,4,50,Yes,2024-10-09,49,Diploma,5,4,10,0,1,1,0,0,1,0,1,0,1
E00224,"Vritika Gour",39,"Finance Manager",Female,Finance,1350280,2,Yes,2022-06-12,2024-09-23,1,55,Yes,2023-10-05,13,Diploma,2,17,25,1,0,0,0,1,1,1,1,1,1
E00225,"Neelofar Deshpande",35,"Marketing Coordinator",Male,Marketing,1043017,3,No,2022-06-15,NULL,4,45,Yes,2024-06-26,38,Bachelor's,4,8,10,0,1,0,1,1,1,1,1,1,1
E00226,"Jivin Gera",34,Accountant,Male,Finance,978560,2,Yes,2022-06-16,2025-06-06,1,45,Yes,2024-09-29,12,PhD,1,12,50,1,0,0,0,1,1,1,1,1,1
E00227,"Tushar Master",27,"Finance Manager",Male,Finance,1461416,3,No,2022-06-18,NULL,5,40,No,NULL,29,PhD,5,2,9,1,1,0,1,1,0,0,1,0,0
E00228,"Riaan Chanda",39,"Finance Manager",Male,Finance,1105367,3,No,2022-06-21,NULL,4,45,No,NULL,15,Diploma,4,14,7,0,1,0,0,1,0,0,1,0,1
E00229,"Tejas Banik",29,"Marketing Coordinator",Male,Marketing,1466160,3,No,2022-06-22,NULL,2,45,Yes,2024-07-28,22,Diploma,4,20,9,0,0,0,1,0,1,1,1,1,1
E00230,"Manjari Gade",29,"Data Engineer",Female,IT,1439360,3,No,2022-06-22,NULL,3,55,Yes,2024-06-21,46,Master's,5,14,9,1,1,1,1,1,1,1,1,0,1
E00231,"Chirag Sura",29,"Sales Manager",Female,Sales,1736627,3,No,2022-06-27,NULL,2,40,Yes,2024-09-02,8,Diploma,4,7,9,1,1,1,1,1,1,0,0,1,1
E00232,"Aradhya Raj",26,AccountExec.,Male,Sales,661123,2,Yes,2022-07-07,2024-09-19,1,45,Yes,2024-02-02,14,Diploma,1,4,34,0,0,0,0,0,1,1,1,1,1
E00233,"Sumer Banik",35,"Data Analyst",Female,IT,809167,2,No,2022-07-18,NULL,2,55,No,NULL,9,Master's,5,6,5,1,1,1,1,1,0,0,0,1,0
E00234,"Yashvi Chaudhari",27,"Account Exec.",Female,Sales,947455,2,No,2022-07-20,NULL,4,40,No,NULL,20,Diploma,4,3,6,0,1,1,1,0,1,0,0,0,0
E00235,"Nakul Choudhury",30,"Sales Representative",Male,Sales,833202,1,Yes,2022-07-29,2023-08-04,1,50,No,NULL,7,Master's,2,14,34,1,0,0,0,1,0,1,0,0,1
E00236,"Krish Singh",27,"Marketing Associate",Female,Marketing,1408983,1,Yes,2022-08-09,2024-05-20,1,40,Yes,2023-12-18,8,PhD,1,3,39,1,0,0,0,0,1,0,1,0,1
E00237,"Madhup De",27,"Sales Representative",Male,Sales,934476,1,Yes,2022-08-10,2024-03-23,2,50,No,NULL,11,Diploma,2,0,48,1,0,0,0,1,1,1,1,0,1
E00238,"Tushar Sant",29,"Sales Manager",M,Sales,1703927,1,Yes,2022-08-11,2024-01-26,1,55,No,NULL,12,Bachelor's,2,15,26,1,0,0,0,0,1,1,1,1,1
E00239,"Anya Uppal",25,"Marketing Coordinator",Male,Marketing,1300553,2,No,2022-08-13,NULL,2,55,Yes,2025-01-26,37,Master's,3,18,10,1,1,1,1,1,1,1,1,1,1
E00240,"Purab D’Alia",37,"Marketing Coordinator",Male,Marketing,1179026,1,Yes,2022-08-25,2024-02-24,2,55,No,NULL,13,Bachelor's,2,2,21,0,0,0,0,0,0,1,1,1,1
E00241,"Piya Bhargava",25,"Marketing Coordinator",Male,Marketing,1328760,2,No,2022-08-25,NULL,2,55,No,NULL,39,PhD,3,14,11,1,1,1,1,0,1,1,1,1,1
E00242,"Hansh Kade",25,"Financial Analyst",Male,Finance,730578,2,No,2022-08-30,NULL,5,45,No,NULL,13,Diploma,4,9,9,1,1,1,1,1,1,0,0,1,0
E00243,"Jayan Dani",35,"Marketing Coordinator",Male,Marketing,1013019,1,Yes,2022-08-31,2023-11-05,1,45,No,NULL,13,Master's,1,5,32,0,0,0,0,0,1,0,0,1,1
E00244,"Zara Dara",28,"Sales Manager",M,Sales,1031206,1,Yes,2022-09-01,2024-06-27,2,55,No,NULL,9,Master's,1,17,48,1,0,0,0,1,1,0,1,0,0
E00245,"Diya Konda",31,"Analytics Team Leader",Female,IT,2068507,2,No,2022-09-02,NULL,4,55,Yes,2024-06-17,20,Bachelor's,3,18,15,1,1,1,1,1,0,0,0,1,0
E00246,"Manjari Koshy",29,Analyst,M,IT,1025362,2,No,2022-09-06,NULL,4,50,Yes,2024-12-11,40,Diploma,5,15,12,1,1,1,1,1,0,1,1,1,1
E00247,"Onkar Sarraf",35,"Marketing Associate",Female,Marketing,1089816,2,No,2022-09-06,NULL,2,40,Yes,2025-04-25,7,Diploma,3,0,8,1,1,1,1,1,1,1,1,1,1
E00248,"Nirvi Wable",29,"HR Manager",Male,HR,1614278,2,No,2022-09-11,NULL,2,45,No,NULL,35,Diploma,5,3,13,1,1,1,1,1,0,0,0,1,0
E00249,"Parinaaz Shukla",29,AccountExec.,Male,Sales,893793,1,Yes,2022-09-14,2024-02-15,2,55,No,NULL,10,Bachelor's,1,6,30,1,0,0,0,0,1,0,0,0,0
E00250,"Anika Mammen",38,"Marketing Associate",Male,Marketing,1375676,2,No,2022-09-21,NULL,3,55,Yes,2024-10-28,22,Master's,3,19,14,1,0,1,0,0,1,1,1,0,1
E00251,"Hiran Shroff",25,"Marketing Associate",Female,Marketing,1221089,2,No,2022-09-29,NULL,3,40,Yes,2025-02-26,32,Diploma,4,0,13,1,1,1,1,1,0,1,0,0,0
E00252,"Aaryahi Swamy",33,"HR Manager",Male,HR,1873251,2,No,2022-09-29,NULL,2,45,Yes,2025-02-27,28,Diploma,3,9,10,1,0,0,1,0,1,0,0,0,0
E00253,"Anika Ganguly",26,Recruiter,Male,HR,891790,2,No,2022-10-01,NULL,3,45,Yes,2024-11-26,50,Master's,4,11,13,1,1,1,1,1,0,0,0,1,0
E00254,"Samarth Badami",29,"Sales Representative",Male,Sales,792192,2,No,2022-10-07,NULL,2,45,No,NULL,15,Master's,4,20,9,1,0,0,1,0,0,0,1,0,0
E00255,"Ryan Chakraborty",36,"HR Coordinator",Female,HR,1091912,1,Yes,2022-10-10,2024-01-27,2,45,No,NULL,15,Bachelor's,1,3,41,1,0,0,0,1,0,0,1,1,1
E00256,"Aarav Talwar",29,"Finance Manager",F,Finance,1175275,1,Yes,2022-10-10,2024-07-31,3,40,Yes,2024-05-07,13,PhD,1,8,35,0,0,0,0,1,1,1,0,0,1
E00257,"Adira Mander",27,"SD 2",M,IT,2962124,1,Yes,2022-10-18,2024-06-30,2,55,Yes,2024-03-25,10,Master's,2,1,29,1,0,0,0,1,1,0,1,1,1
E00258,"Vidur Chada",35,"Finance Manager",Female,Finance,897325,1,Yes,2022-10-20,2024-05-08,2,45,No,NULL,13,Bachelor's,1,20,13,1,0,0,0,1,1,1,1,1,1
E00259,"Pari Gade",28,"Marketing Coordinator",F,Marketing,1091626,2,No,2022-10-29,NULL,4,50,No,NULL,8,PhD,4,10,5,1,1,1,1,1,0,0,0,0,1
E00260,"Elakshi De",26,Recruiter,Female,HR,881271,2,No,2022-11-02,NULL,3,50,Yes,2025-04-04,16,Bachelor's,3,1,13,1,0,1,1,0,0,0,1,0,0
E00261,"Mahika Wagle",27,"Analytics Team Leader",Female,IT,2829484,2,No,2022-11-02,NULL,2,40,No,NULL,17,Bachelor's,3,7,11,1,0,0,0,1,0,0,0,1,0
E00262,"Anay Rattan",32,"Sales Manager",Female,Sales,1288737,2,No,2022-11-11,NULL,4,40,Yes,2025-02-14,11,Master's,3,10,8,0,1,1,0,0,1,1,1,0,1
E00263,"Vanya Varty",38,"Financial Analyst",Male,Finance,739943,1,Yes,2022-11-13,2024-10-18,2,55,No,NULL,12,Bachelor's,1,20,32,0,0,0,0,0,1,0,0,0,1
E00264,"Navya Sangha",25,"Sales Representative",Female,Sales,781021,1,Yes,2022-11-14,2024-05-24,1,45,No,NULL,8,Master's,1,1,37,1,0,0,0,0,1,1,1,1,1
E00265,"Lavanya Sekhon",31,"Financial Analyst",Female,Finance,662914,2,No,2022-11-14,NULL,3,55,Yes,2025-04-02,44,Diploma,4,19,7,0,1,0,1,0,1,1,1,1,1
E00266,"Sana Deshmukh",27,"Logistics Coordinator",Male,Operations,825706,1,Yes,2022-11-16,2023-11-20,3,55,No,NULL,7,Bachelor's,1,5,48,0,0,0,0,1,1,0,1,0,1
E00267,"Misha Vig",35,"HR Coordinator",Female,HR,1351011,2,No,2022-11-23,NULL,4,45,Yes,2025-01-04,10,Bachelor's,5,16,15,1,1,1,1,1,1,0,0,0,0
E00268,"Madhav Dixit",28,AccountExecutive,F,Sales,817128,1,Yes,2022-11-26,2024-02-20,1,50,No,NULL,6,Diploma,2,2,26,0,0,0,0,0,1,1,1,1,1
E00269,"Aaina Sabharwal",34,"SD 1",F,IT,1725394,1,Yes,2022-11-29,2024-11-14,1,45,No,NULL,6,Diploma,1,6,42,0,0,0,0,1,0,0,1,0,1
E00270,"Ryan Aurora",33,"Marketing Coordinator",M,Marketing,1113477,1,Yes,2022-11-29,2023-12-07,2,40,No,NULL,6,Master's,1,10,10,0,0,0,0,1,0,1,0,0,0
E00271,"Ela Sani",38,"Marketing Coordinator",Female,Marketing,1203845,2,No,2022-12-01,NULL,2,55,No,NULL,44,PhD,5,11,11,0,1,1,1,1,1,0,0,0,0
E00272,"Aniruddh Dada",35,Accountant,M,Finance,908915,2,No,2022-12-08,NULL,3,40,No,NULL,43,Master's,4,18,10,0,0,1,1,0,1,0,0,0,0
E00273,"Ivana Choudhry",33,Recruiter,Male,HR,996065,2,No,2022-12-12,NULL,2,50,Yes,2025-04-22,7,Diploma,4,0,15,0,0,1,0,0,0,1,1,1,0
E00274,"Abram Choudhary",26,"SD 2",Male,IT,2637683,2,No,2022-12-30,NULL,5,50,Yes,2024-08-07,47,Diploma,4,13,10,1,0,1,0,0,1,0,1,1,0
E00275,"Taran Hora",32,"HR Manager",Male,HR,2174953,2,No,2022-12-31,NULL,2,45,No,NULL,46,Master's,3,0,9,1,0,0,1,1,1,1,1,0,1
E00276,"Dishani Dua",25,"Account Executive",Male,Sales,1147440,1,Yes,2023-01-05,2024-06-27,1,50,No,NULL,8,Bachelor's,1,20,32,0,0,0,0,1,1,1,1,1,1
E00277,"Dhanush Ganesan",35,"SD 1",Male,IT,1558170,1,Yes,2023-01-12,2024-11-06,1,40,Yes,2024-02-09,15,Diploma,1,6,39,0,0,0,0,1,1,1,0,1,1
E00278,"Advik Setty",36,"Marketing Associate",Female,Marketing,1059772,2,No,2023-01-16,NULL,2,50,Yes,2025-01-20,49,Bachelor's,5,20,15,1,1,1,1,1,0,1,1,1,1
E00279,"Mahika Raj",35,Recruiter,Male,HR,510092,2,No,2023-01-19,NULL,3,55,Yes,2025-04-05,48,Diploma,3,19,15,1,1,1,1,1,1,1,0,0,1
E00280,"Ishita Krishnan",37,"SD 1",Male,IT,1532588,1,Yes,2023-01-28,2024-04-18,1,55,No,NULL,9,Bachelor's,1,8,10,0,0,0,0,1,0,1,0,0,0
E00281,"Raghav Chanda",38,"Marketing Coordinator",Male,Marketing,1158654,2,No,2023-01-28,NULL,2,55,No,NULL,47,Bachelor's,3,15,15,0,1,1,1,1,1,1,1,1,1
E00282,"Renee Lala",29,Accountant,Female,Finance,869358,2,No,2023-01-31,NULL,3,40,Yes,2025-01-05,7,Diploma,4,17,10,0,1,1,0,1,1,1,0,1,1
E00283,"Nehmat Bhatia",27,"Finance Manager",Female,Finance,913309,2,No,2023-02-10,NULL,2,45,Yes,2024-09-10,34,Diploma,3,18,11,1,1,0,1,1,1,1,0,1,1
E00284,"Ishaan Manne",27,"HR Coordinator",Female,HR,1317643,1,Yes,2023-02-10,2024-08-15,2,55,Yes,2024-04-17,13,Diploma,1,18,39,1,0,0,0,0,0,0,0,1,1
E00285,"Indranil Guha",27,Accountant,Male,Finance,961486,2,No,2023-02-14,NULL,4,45,No,NULL,43,PhD,5,7,12,1,1,1,1,1,0,1,0,1,1
E00286,"Piya Bahl",35,"Financial Analyst",Female,Finance,689819,1,Yes,2023-02-16,2024-07-30,2,40,No,NULL,10,Bachelor's,2,19,30,1,0,0,0,1,0,1,1,0,0
E00287,"Manikya Kothari",28,"Marketing Associate",Male,Marketing,1113743,1,Yes,2023-02-18,2025-01-05,3,50,No,NULL,12,Bachelor's,1,15,38,0,0,0,0,0,1,1,1,1,1
E00288,"Nitya Biswas",26,Recruiter,Male,HR,865192,1,Yes,2023-02-22,2024-05-23,2,40,No,NULL,11,Diploma,1,18,31,1,0,0,0,1,1,1,0,1,0
E00289,"Piya Gandhi",25,Accountant,Male,Finance,932818,2,No,2023-02-24,NULL,2,50,No,NULL,34,PhD,4,3,6,1,1,1,1,1,0,0,1,1,0
E00290,"Vaibhav Agrawal",28,"Sales Representative",Male,Sales,764144,2,No,2023-02-27,NULL,5,45,Yes,2025-01-29,19,Master's,3,14,8,0,1,0,1,0,0,1,1,1,0
E00291,"Parinaaz Apte",25,"Finance Manager",Female,Finance,1357658,2,No,2023-03-10,NULL,5,50,No,NULL,28,Bachelor's,3,10,7,0,0,1,0,1,0,0,1,1,0
E00292,"Hazel Saran",30,"Financial Analyst",Female,Finance,509503,1,Yes,2023-03-10,2024-05-27,1,45,No,NULL,14,Master's,2,20,39,0,0,0,0,0,1,1,1,1,1
E00293,"Sumer Ramakrishnan",32,"Data Engineer",Male,IT,1683748,1,Yes,2023-03-13,2024-04-10,3,40,No,NULL,12,PhD,1,3,48,1,0,0,0,0,1,1,1,1,0
E00294,"Mohanlal Edwin",25,"Marketing Associate",Male,Marketing,1154345,2,No,2023-03-17,NULL,3,55,No,NULL,31,Diploma,5,16,9,0,1,0,1,1,1,1,1,1,1
E00295,"Hansh Bhardwaj",34,"Data Analyst",Female,IT,984749,2,No,2023-03-20,NULL,3,50,No,NULL,37,Bachelor's,4,19,6,0,0,0,1,0,1,1,1,1,0
E00296,"Nirvi Reddy",27,"Data Analyst",Female,IT,1167581,2,No,2023-03-21,NULL,3,55,Yes,2024-09-19,16,Diploma,4,7,11,1,0,0,1,1,1,1,1,1,1
E00297,"Sana Dar",28,"HR Manager",Female,HR,1741877,1,Yes,2023-03-27,2024-11-13,1,45,No,NULL,14,Diploma,2,20,37,1,0,0,0,1,0,0,0,0,1
E00298,"Aaryahi Tandon",32,"Finance Manager",M,Finance,1286872,2,No,2023-04-04,NULL,4,40,Yes,2024-08-01,35,PhD,5,7,5,1,1,0,0,0,0,1,0,0,0
E00299,"Hazel Sastry",28,"Marketing Coordinator",Female,Marketing,1046122,2,No,2023-04-09,NULL,4,50,No,NULL,9,PhD,3,3,14,1,0,1,1,1,0,0,0,1,0
E00300,"Nitara Wable",34,"Financial Analyst",Female,Finance,605520,2,No,2023-04-13,NULL,4,40,Yes,2025-04-24,5,Master's,4,16,7,0,1,0,0,1,1,0,0,0,0
E00301,"Aarush Manne",37,Director,Male,Marketing,5500000,2,No,2023-04-14,NULL,5,55,No,NULL,29,Master's,3,0,15,1,0,1,1,1,0,1,1,0,1
E00302,"Azad Chowdhury",27,"Account Executive",Male,Sales,1102523,2,No,2023-04-19,NULL,3,50,No,NULL,25,Diploma,4,18,11,1,1,1,1,1,1,1,1,1,1
E00303,"Sumer Apte",30,"Analytics Team Leader",Male,IT,2662476,2,No,2023-04-21,NULL,4,50,No,NULL,19,Diploma,5,18,12,0,1,0,1,0,0,0,1,1,0
E00304,"Kanav Ben",34,"Financial Analyst",Female,Finance,551191,1,Yes,2023-04-22,2024-05-23,3,40,No,NULL,6,PhD,1,17,41,0,0,0,0,0,0,0,0,1,0
E00305,"Vardaniya Dayal",35,"Marketing Associate",Male,Marketing,1413237,1,Yes,2023-04-28,2024-11-07,3,55,No,NULL,9,Bachelor's,1,14,33,1,0,0,0,1,0,1,1,0,0
E00306,"Advik Golla",36,"Marketing Associate",Female,Marketing,1120679,2,No,2023-04-29,NULL,3,45,No,NULL,18,PhD,5,5,14,1,0,1,1,1,1,0,1,0,0
E00307,"Sumer Ramanathan",35,"HR Manager",F,HR,2459274,1,Yes,2023-05-13,2024-05-13,1,55,No,NULL,8,Diploma,2,13,34,1,0,0,0,0,1,0,1,1,1
E00308,"Zoya Bhattacharyya",28,"Marketing Coordinator",F,Marketing,1030066,2,No,2023-05-18,NULL,5,45,No,NULL,49,Master's,3,19,11,0,0,0,1,1,0,0,0,0,1
E00309,"Vritika Bobal",26,"Finance Manager",Female,Finance,1490960,1,Yes,2023-05-18,2025-05-04,3,40,No,NULL,10,PhD,2,15,41,1,0,0,0,0,1,0,0,0,0
E00310,"Manikya Madan",33,Accountant,Female,Finance,848377,2,No,2023-05-22,NULL,4,45,No,NULL,12,Diploma,5,18,10,1,1,1,0,1,1,1,1,1,0
E00311,"Mahika Thakur",35,Recruiter,Male,HR,947877,1,Yes,2023-05-23,2024-07-23,1,40,No,NULL,14,Diploma,2,18,37,1,0,0,0,0,0,1,1,0,0
E00312,"Dharmajan Ben",25,"Logistics Coordinator",Male,Operations,846437,2,No,2023-05-23,NULL,5,45,No,NULL,50,Master's,5,12,13,0,0,0,1,0,1,1,0,1,0
E00313,"Divij Keer",34,"Marketing Associate",F,Marketing,1184913,1,Yes,2023-05-23,2024-09-29,3,55,Yes,2024-06-03,5,Bachelor's,2,2,5,0,1,0,0,0,1,0,1,1,0
E00314,"Reyansh Chaudhry",26,"IT support specialist",F,IT,1083300,1,Yes,2023-05-28,2024-08-24,1,50,Yes,2024-07-22,7,Bachelor's,2,13,12,1,1,0,0,1,1,0,0,1,1
E00315,"Sana Bhatnagar",27,"SD 1",Male,IT,2038869,1,Yes,2023-06-04,2024-06-04,2,55,No,NULL,14,Bachelor's,1,15,26,0,1,1,1,0,1,0,1,1,1
E00316,"Divij Baria",28,"Marketing Coordinator",Female,Marketing,1190834,2,No,2023-06-08,NULL,5,50,Yes,2025-04-07,15,Diploma,3,16,5,1,0,1,1,1,1,1,1,1,1
E00317,"Faiyaz Sangha",30,"Data Analyst",Male,IT,1116506,2,No,2023-06-10,NULL,5,50,No,NULL,39,Bachelor's,3,9,9,1,1,1,1,1,1,1,1,0,0
E00318,"Eshani Bir",33,"Marketing Associate",Female,Marketing,1410675,2,No,2023-06-14,NULL,5,55,No,NULL,5,Master's,3,9,7,1,0,1,0,0,0,1,1,0,1
E00319,"Riaan Sagar",32,Accountant,Female,Finance,989159,1,Yes,2023-06-16,2025-03-07,1,40,No,NULL,11,Bachelor's,1,10,40,1,1,0,0,1,0,0,0,0,1
E00320,"Indrans Shukla",25,"Marketing Coordinator",F,Marketing,1394872,1,Yes,2023-06-18,2024-08-27,1,45,No,NULL,5,Master's,1,16,29,1,1,0,0,1,0,0,1,0,0
E00321,"Ahana  Behl",30,Recruiter,Female,HR,974958,1,Yes,2023-06-22,2024-12-09,3,40,No,NULL,7,PhD,1,3,36,1,1,0,0,0,1,1,1,0,1
E00322,"Hridaan Saxena",37,"Financial Analyst",Male,Finance,760863,1,Yes,2023-06-28,2024-08-24,2,40,No,NULL,10,Diploma,2,12,44,1,0,0,0,0,0,0,1,0,0
E00323,"Divij Sem",34,DataAnalyst,Male,IT,798234,2,No,2023-06-30,NULL,3,50,Yes,2025-03-04,47,Diploma,5,2,14,0,1,1,1,1,1,1,1,1,1
E00324,"Yasmin Sarkar",26,"Marketing Associate",Male,Marketing,1022218,1,Yes,2023-06-30,2025-01-22,1,45,No,NULL,5,Bachelor's,1,14,49,1,0,0,0,0,1,1,1,1,0
E00325,"Miraan Sharaf",32,"Senior Analyst",Male,IT,1542628,2,No,2023-07-05,NULL,3,45,No,NULL,13,Master's,5,9,14,1,1,1,0,1,1,0,0,0,1
E00326,"Ehsaan Loke",31,Recruiter,M,HR,968493,1,Yes,2023-07-09,2024-07-09,2,55,No,NULL,9,Diploma,2,3,49,0,1,0,1,1,0,1,1,1,1
E00327,"Mohanlal Krish",37,"Marketing Coordinator",Male,Marketing,1193936,1,Yes,2023-07-09,2024-07-09,2,45,No,NULL,10,Bachelor's,1,16,10,0,0,0,0,0,1,1,1,1,1
E00328,"Jayesh Jaggi",32,"Data Engineer",F,IT,1661879,1,No,2023-07-11,NULL,5,40,Yes,2025-04-17,28,PhD,4,7,12,1,1,1,1,1,1,1,0,0,0
E00329,"Kashvi Issac",26,"Finance Manager",Male,Finance,1495236,1,No,2023-07-22,NULL,5,40,Yes,2025-01-31,29,Diploma,4,19,14,1,1,1,1,0,1,0,1,1,1
E00330,"Piya Joshi",34,"Financial Analyst",F,Finance,642530,1,No,2023-07-23,NULL,5,55,Yes,2024-08-06,38,Master's,5,3,6,1,1,1,1,1,0,0,0,0,1
E00331,"Nitya Chahal",28,"HR Coordinator",Female,HR,1000573,1,Yes,2023-07-29,2024-07-29,2,45,No,NULL,8,Bachelor's,2,5,45,0,0,0,0,1,1,1,1,1,1
E00332,"Sumer Kashyap",39,"Sales Manager",M,Sales,1829694,1,Yes,2023-07-29,2024-07-29,1,50,No,NULL,13,Bachelor's,1,17,29,1,1,0,0,1,1,1,1,1,1
E00333,"Elakshi Sama",29,AccountExecutive,F,Sales,925934,1,Yes,2023-08-11,2024-08-11,1,55,No,NULL,12,Master's,2,16,29,0,0,0,0,1,1,0,0,0,0
E00334,"Pari Gola",29,"HR Coordinator",Female,HR,1129063,1,Yes,2023-08-13,2024-08-13,3,55,No,NULL,13,PhD,2,8,29,1,1,0,1,1,1,1,1,1,0
E00335,"Seher Badal",28,"Marketing Coordinator",Female,Marketing,1159352,1,Yes,2023-08-15,2024-08-15,3,55,No,NULL,7,Master's,2,1,47,0,1,0,0,0,1,1,1,1,0
E00336,"Heer Kari",39,Accountant,Male,Finance,904905,1,Yes,2023-08-16,2024-08-16,3,40,No,NULL,15,PhD,1,15,29,1,1,1,1,1,1,0,0,0,1
E00337,"Hunar Kapur",25,"Marketing Associate",Female,Marketing,1254427,1,No,2023-08-18,NULL,2,45,No,NULL,22,Diploma,3,2,14,1,0,1,0,0,1,1,1,1,0
E00338,"Anvi Gola",27,"IT support specialist",M,IT,766566,1,No,2023-08-22,NULL,5,50,No,NULL,20,Bachelor's,5,8,6,1,1,0,1,1,1,0,0,0,0
E00339,"Amani Suresh",32,"Marketing Coordinator",Male,Marketing,1303417,1,Yes,2023-08-23,2024-08-23,2,55,No,NULL,7,Diploma,2,3,23,0,0,0,0,1,1,0,1,1,1
E00340,"Ishaan Chahal",35,"HR Manager",Female,HR,2280163,1,No,2023-08-23,NULL,3,50,Yes,2025-02-14,21,Diploma,3,15,7,1,1,1,1,1,0,1,0,1,1
E00341,"Shray Bhavsar",25,"Finance Manager",Female,Finance,1081408,1,Yes,2023-08-23,2024-08-23,2,55,No,NULL,7,Bachelor's,1,7,33,1,1,1,1,1,1,1,1,0,1
E00342,"Oorja Seshadri",34,"SD 1",Female,IT,1657931,1,No,2023-08-24,NULL,3,50,Yes,2025-02-01,35,Master's,4,18,14,0,0,1,0,0,0,0,0,0,1
E00343,"Bhamini Sahota",37,"Financial Analyst",Male,Finance,688564,1,Yes,2023-09-16,2024-09-16,3,55,No,NULL,8,PhD,2,12,43,0,1,1,1,1,0,1,0,0,0
E00344,"Pari Lalla",27,"Marketing Associate",M,Marketing,1445189,1,Yes,2023-09-24,2024-09-24,1,45,No,NULL,10,Master's,2,16,11,1,0,0,0,0,1,1,1,1,1
E00345,"Divyansh Mand",25,"Finance Manager",M,Finance,1314320,1,No,2023-09-24,NULL,5,40,No,NULL,48,Bachelor's,5,0,7,1,1,1,1,1,0,1,0,1,1
E00346,"Adah Bajwa",30,"Marketing Coordinator",Male,Marketing,1196399,1,Yes,2023-09-25,2024-09-25,1,50,No,NULL,5,Bachelor's,1,12,48,0,1,1,1,0,1,0,1,1,1
E00347,"Samarth Kota",34,Analyst,Female,IT,1191371,1,No,2023-09-28,NULL,3,55,No,NULL,22,Master's,5,13,10,1,1,1,1,1,1,1,0,1,1
E00348,"Hrishita Apte",36,"Finance Manager",F,Finance,1242534,1,Yes,2023-09-28,2024-09-28,1,50,No,NULL,12,PhD,1,0,31,1,1,1,1,1,1,1,1,0,0
E00349,"Renee Chandran",30,Accountant,Female,Finance,884611,1,No,2023-10-01,NULL,5,40,Yes,2025-02-07,18,Diploma,3,15,9,1,0,1,0,0,1,1,0,1,1
E00350,"Raghav Kara",27,"Analytics Team Leader",M,IT,2764504,1,No,2023-10-03,NULL,5,40,No,NULL,16,PhD,5,0,12,1,1,1,1,1,1,0,1,0,0
E00351,"Shanaya Kota",32,"Sales Manager",Female,Sales,1029286,1,Yes,2023-10-07,2024-10-07,3,40,No,NULL,12,Master's,1,3,48,0,0,0,0,1,0,1,0,0,0
E00352,"Trisha Mall",31,Accountant,M,Finance,815679,1,No,2023-10-07,NULL,2,45,Yes,2025-02-07,27,PhD,5,9,7,1,1,0,0,1,0,1,0,0,0
E00353,"Jhanvi Sant",30,Recruiter,Male,HR,987776,1,No,2023-10-11,NULL,3,45,No,NULL,32,Bachelor's,4,3,9,0,1,1,1,1,1,1,1,1,1
E00354,"Tanya Kalla",33,"Financial Analyst",Male,Finance,579362,1,Yes,2023-10-14,2024-10-14,1,50,No,NULL,12,PhD,2,0,38,1,0,0,0,1,1,1,0,0,0
E00355,"Purab Vohra",36,"Finance Manager",Male,Finance,1096163,1,No,2023-10-21,NULL,4,45,Yes,2025-01-14,19,Bachelor's,5,15,7,1,0,1,0,1,0,0,0,1,0
E00356,"Lavanya Dada",30,DataAnalyst,Male,IT,742506,1,Yes,2023-10-28,2024-10-28,2,45,No,NULL,15,Diploma,2,1,24,1,1,1,1,1,1,1,0,1,1
E00357,"Shlok Venkataraman",34,"HR Manager",M,HR,2752022,1,Yes,2023-10-28,2024-10-28,2,55,No,NULL,13,PhD,1,5,31,0,0,0,0,1,1,1,1,1,1
E00358,"Tara Uppal",38,"Sales Manager",Female,Sales,1428726,1,No,2023-11-01,NULL,4,40,No,NULL,32,Bachelor's,3,8,11,1,0,0,1,1,0,1,0,1,1
E00359,"Parinaaz Karan",30,"IT Support Head",Female,IT,1500000,1,No,2023-11-01,NULL,4,45,No,NULL,21,PhD,5,11,6,0,1,1,1,1,1,1,1,1,1
E00360,"Trisha Jani",29,"Financial Analyst",Male,Finance,674516,1,No,2023-11-02,NULL,4,45,No,NULL,44,Master's,3,20,10,0,0,0,1,1,1,1,1,1,1
E00361,"Ehsaan Khatri",26,"Sales Representative",Male,Sales,556027,1,Yes,2023-11-07,2024-11-07,1,55,No,NULL,6,Diploma,1,10,43,0,1,0,0,1,0,0,0,1,1
E00362,"Anay Bhatia",25,"HR Coordinator",M,HR,1145286,1,Yes,2023-11-10,2024-11-10,2,40,No,NULL,12,PhD,2,14,35,0,1,0,0,1,0,1,1,0,1
E00363,"Neysa Bir",29,"HR Manager",Male,HR,2441200,1,No,2023-11-12,NULL,3,45,Yes,2024-12-04,22,Bachelor's,4,16,33,0,0,1,1,0,1,1,1,1,0
E00364,"Nirvaan Keer",26,"Senior Analyst",Male,IT,1315973,1,No,2023-11-13,NULL,3,40,No,NULL,39,Diploma,4,5,24,0,1,0,1,1,0,1,0,1,0
E00365,"Riya Dasgupta",35,"HR Manager",Male,HR,2465815,1,Yes,2023-11-15,2024-11-15,1,45,No,NULL,6,Diploma,2,16,35,0,0,0,0,1,0,1,1,0,1
E00366,"Lakshay Agarwal",31,"SD 2",Female,IT,2856069,1,Yes,2023-11-18,2024-11-18,1,50,No,NULL,14,Diploma,2,5,29,0,0,0,0,0,0,1,0,0,0
E00367,"Tiya Balakrishnan",34,"IT support specialist",Female,IT,909582,1,No,2023-11-22,NULL,3,55,No,NULL,23,PhD,4,3,17,0,0,1,0,0,1,1,1,0,0
E00368,"Nishith Chopra",38,Accountant,Male,Finance,967691,1,No,2023-11-26,NULL,5,50,Yes,2025-05-29,18,Master's,3,19,22,0,1,1,0,1,0,1,1,1,1
E00369,"Vidur Sura",35,"Data Analyst",Male,IT,865068,1,Yes,2023-12-06,2024-12-06,2,45,No,NULL,10,PhD,2,15,10,1,1,1,1,1,1,1,0,1,1
E00370,"Mehul Sidhu",30,"HR Coordinator",Female,HR,1350449,1,No,2023-12-20,NULL,2,45,No,NULL,25,Master's,4,8,12,0,1,0,0,0,1,1,1,1,1
E00371,"Aayush Biswas",39,"Content Creator",F,Marketing,448634,1,No,2023-12-21,NULL,4,50,Yes,2025-01-03,49,Diploma,3,17,14,0,0,1,1,1,1,1,1,1,1
E00372,"Yuvraj  Talwar",34,"Marketing Associate",Male,Marketing,1019137,1,No,2023-12-22,NULL,4,40,No,NULL,5,Master's,3,12,5,1,1,1,1,1,0,0,1,0,0
E00373,"Taimur Dugal",26,"Financial Analyst",Male,Finance,609849,1,No,2023-12-25,NULL,5,40,No,NULL,5,Bachelor's,5,12,11,0,1,0,0,0,0,1,0,0,1
E00374,"Ayesha Kari",32,"Finance Manager",Female,Finance,1176143,1,No,2023-12-30,NULL,5,40,No,NULL,42,Bachelor's,5,12,12,1,1,1,1,1,0,1,1,1,1
E00375,"Anay Gill",25,"HR Coordinator",Male,HR,1077209,1,Yes,2024-01-03,2025-01-03,1,55,No,NULL,7,Diploma,2,1,39,1,1,1,1,0,1,1,0,0,1
E00376,"Ryan Loke",30,"Logistics Coordinator",F,Operations,909781,1,No,2024-01-05,NULL,4,50,No,NULL,29,Diploma,3,9,12,1,0,1,0,1,0,0,1,0,0
E00377,"Kanav Gour",35,"Marketing Associate",Male,Marketing,1419245,1,Yes,2024-01-05,2025-01-05,3,50,No,NULL,11,Master's,2,16,39,1,1,1,1,1,1,0,1,0,1
E00378,"Shaan Tara",36,"Finance Manager",Male,Finance,916771,1,No,2024-01-07,NULL,3,55,Yes,2025-02-27,6,Diploma,4,19,9,1,0,1,1,1,1,1,1,1,1
E00379,"Saanvi Sundaram",31,"Marketing Coordinator",F,Marketing,1053309,1,Yes,2024-01-11,2025-01-11,1,50,No,NULL,14,Master's,1,19,27,0,1,0,0,0,0,0,1,1,1
E00380,"Sana Rau",38,"HR Manager",F,HR,2332437,1,Yes,2024-01-12,2025-01-12,2,55,No,NULL,9,Bachelor's,2,3,29,1,1,1,1,1,1,0,1,1,0
E00381,"Zain Karnik",26,"Senior Analyst",Male,IT,1435406,1,No,2024-01-19,NULL,2,45,Yes,2025-02-19,23,Bachelor's,4,10,15,0,1,1,0,0,0,1,1,1,1
E00382,"Onkar Atwal",25,Recruiter,Male,HR,806360,1,No,2024-01-19,NULL,2,45,No,NULL,46,Master's,3,10,8,1,1,1,1,0,0,0,1,0,0
E00383,"Sumer Raval",25,"Sales Representative",Female,Sales,556033,1,No,2024-01-20,NULL,5,45,Yes,2025-05-14,19,Master's,3,9,7,0,1,0,1,1,0,1,1,1,1
E00384,"Taran Kata",28,"Senior Analyst",M,IT,1715946,1,Yes,2024-01-20,2025-01-20,2,45,No,NULL,5,PhD,1,19,27,1,1,1,1,0,1,1,1,1,0
E00385,"Farhan Badami",28,"Datawarehouse lead",M,IT,3000000,1,No,2024-01-21,NULL,5,55,Yes,2025-03-16,41,Diploma,3,7,9,0,1,1,0,1,0,1,0,1,1
E00386,"Mishti Gola",39,"Finance Manager",Male,Finance,1352427,1,Yes,2024-01-22,2025-01-22,3,50,No,NULL,12,PhD,2,7,26,0,1,0,0,0,1,1,1,0,0
E00387,"Aarush Babu",38,Creator,Male,Marketing,497891,1,Yes,2024-01-25,2025-01-25,1,50,No,NULL,15,Master's,1,8,46,0,0,0,0,0,0,1,0,0,0
E00388,"Manikya Sandal",25,"Senior Analyst",Male,IT,1760446,1,Yes,2024-01-26,2025-01-26,2,55,No,NULL,7,Bachelor's,1,0,32,0,1,0,0,0,1,0,1,1,1
E00389,"Aayush Karpe",31,Accountant,Male,Finance,808812,1,No,2024-01-29,NULL,5,45,No,NULL,19,Master's,3,19,11,1,1,1,1,1,0,1,1,0,0
E00390,"Vedika Arya",30,"Sales Representative",Female,Sales,966799,1,Yes,2024-02-09,2025-02-09,1,45,No,NULL,8,Diploma,1,11,9,1,1,1,1,0,0,1,1,0,0
E00391,"Hansh Jani",36,Accountant,Female,Finance,864017,1,Yes,2024-02-09,2025-02-09,3,40,No,NULL,10,Bachelor's,1,6,31,1,1,1,1,1,0,0,0,0,1
E00392,"Shamik Dada",30,"SD 1",Female,IT,1906427,1,Yes,2024-02-09,2025-02-09,3,40,No,NULL,12,Bachelor's,1,13,23,1,1,1,0,0,0,0,1,0,0
E00393,"Fateh Rana",29,"Senior Analyst",Female,IT,1990573,1,Yes,2024-02-11,2025-02-11,3,45,No,NULL,8,Diploma,1,17,49,0,1,0,0,1,1,1,1,1,1
E00394,"Yuvraj  Hayer",27,"SD 1",Female,IT,2089833,1,Yes,2024-02-11,2025-02-11,2,40,No,NULL,9,PhD,1,0,42,1,1,1,1,1,0,1,1,0,0
E00395,"Aarav Dave",28,"Logistics Coordinator",M,Operations,954460,1,Yes,2024-02-13,2025-02-13,1,50,No,NULL,9,Diploma,1,4,26,1,0,0,0,1,0,1,0,1,1
E00396,"Umang Ratti",26,DataAnalyst,Male,IT,815199,1,No,2024-02-18,NULL,5,55,No,NULL,25,Bachelor's,4,0,5,0,0,1,1,1,0,0,0,1,0
E00397,"Eva Yohannan",27,Accountant,M,Finance,999294,1,Yes,2024-02-24,2025-02-24,1,40,No,NULL,15,Bachelor's,1,15,46,0,0,0,0,0,0,1,1,0,1
E00398,"Nakul Bajaj",28,"Sales Manager",Female,Sales,1050484,1,Yes,2024-02-27,2025-02-27,2,50,No,NULL,8,Bachelor's,2,11,30,1,0,0,0,0,1,0,1,1,1
E00399,"Armaan Kota",30,"Finance Manager",Female,Finance,946365,1,No,2024-02-28,NULL,4,45,Yes,2025-02-27,41,Master's,5,6,5,0,1,0,1,0,0,0,0,1,0
E00400,"Vidur Kata",27,Accountant,Female,Finance,812070,1,Yes,2024-03-02,2025-03-02,2,50,No,NULL,6,PhD,1,10,14,0,1,1,0,0,1,1,0,0,0
E00401,"Suhana Kumer",29,Accountant,Male,Finance,925737,1,Yes,2024-03-05,2025-03-05,2,50,No,NULL,6,Master's,1,3,42,1,1,0,0,1,1,0,0,1,0
E00402,"Trisha Saini",36,"Sales Representative",Female,Sales,527664,1,Yes,2024-03-06,2025-03-06,2,45,No,NULL,11,Diploma,1,5,28,1,0,0,0,1,1,1,1,1,1
E00403,"Adira Chana",31,"Sales Representative",Male,Sales,947288,1,Yes,2024-03-07,2025-03-07,1,50,No,NULL,15,PhD,2,18,41,1,1,1,0,0,1,1,1,1,1
E00404,"Dishani Boase",38,"Finance Manager",Female,Finance,1303798,1,Yes,2024-03-09,2025-03-09,3,50,No,NULL,10,Master's,1,20,11,1,0,0,0,1,1,0,0,0,0
E00405,"Azad Yohannan",25,"Sales Representative",F,Sales,897556,1,No,2024-03-09,NULL,5,40,Yes,2025-05-26,7,Bachelor's,5,7,13,0,0,0,0,1,0,1,1,0,1
E00406,"Jayesh Sengupta",30,Recruiter,Male,HR,559057,1,Yes,2024-03-11,2025-03-11,3,50,No,NULL,15,Bachelor's,1,18,30,1,1,1,1,1,0,1,1,1,0
E00407,"Anvi Cheema",39,"Sales Manager",M,Sales,1733809,1,Yes,2024-03-12,2025-03-12,2,40,No,NULL,13,PhD,1,10,11,1,1,1,1,1,1,1,1,0,1
E00408,"Piya Hayer",30,"SD 2",Female,IT,2672304,1,Yes,2024-03-12,2025-03-12,1,50,No,NULL,11,Master's,2,6,24,0,1,0,0,0,0,0,0,0,1
E00409,"Baiju Anne",37,"Senior Analyst",Female,IT,1685012,1,No,2024-03-13,NULL,3,55,Yes,2025-05-07,42,PhD,3,18,5,1,1,1,0,1,0,0,1,0,1
E00410,"Fateh Raju",37,"Marketing Coordinator",Male,Marketing,1201354,1,Yes,2024-03-14,2025-03-14,3,40,No,NULL,9,PhD,1,4,37,0,0,0,0,0,1,1,0,1,1
E00411,"Chirag Bawa",26,"SD 1",Female,IT,1875940,1,Yes,2024-03-19,2025-03-19,1,55,No,NULL,10,Master's,2,4,17,0,1,0,0,0,1,0,1,1,1
E00412,"Nirvi Samra",25,Accountant,Male,Finance,996044,1,Yes,2024-03-22,2025-03-22,3,55,No,NULL,5,PhD,1,3,46,1,0,0,0,0,0,0,1,0,1
E00413,"Samar Mani",32,"Marketing Coordinator",F,Marketing,1297488,1,Yes,2024-03-27,2025-03-27,2,50,No,NULL,13,Master's,2,6,48,1,1,0,0,0,1,1,1,1,1
E00414,"Riaan Divan",33,"Logistics Coordinator",F,Operations,989889,1,No,2024-04-10,NULL,5,55,No,NULL,21,Diploma,4,12,10,1,1,1,1,1,0,0,1,0,0
E00415,"Ira Joshi",34,"HR Coordinator",Male,HR,1429249,1,No,2024-04-30,NULL,2,50,Yes,2025-05-26,50,Bachelor's,5,8,11,0,1,0,1,0,1,1,1,1,0
E00416,"Amani Gokhale",38,"Logistics Coordinator",Male,Operations,507817,1,No,2024-05-02,NULL,3,45,No,NULL,38,Diploma,4,8,39,0,0,1,1,0,0,0,0,0,1
E00417,"Navya Sangha",28,"Sales Manager",Male,Sales,1766448,1,No,2024-05-14,NULL,2,45,No,NULL,6,Bachelor's,4,18,34,0,1,1,0,0,1,1,1,0,1
E00418,"Sahil Bawa",37,"Financial Analyst",Male,Finance,538688,1,No,2024-05-17,NULL,2,45,No,NULL,42,PhD,3,11,17,1,1,0,0,0,1,0,1,0,1
E00419,"Kanav Mahal",27,"SD 3",Female,IT,3274410,1,No,2024-05-28,NULL,2,40,Yes,2025-05-30,20,Diploma,4,17,31,0,1,1,1,1,1,1,1,0,1
E00420,"Seher Loyal",26,"Senior Analyst",Male,IT,1833626,1,No,2024-06-19,NULL,3,45,Yes,NULL,5,Master's,3,0,19,0,1,0,1,0,0,0,0,1,0
E00421,"Veer Karnik",35,"Financial Analyst",Male,Finance,724017,1,No,2024-06-23,NULL,4,40,Yes,NULL,23,Bachelor's,4,18,27,1,1,1,1,0,1,1,1,1,1
E00422,"Priyansh Thaman",32,"HR Manager",F,HR,2306695,1,No,2024-06-27,NULL,4,55,Yes,NULL,13,Diploma,5,4,24,0,0,1,1,0,1,0,1,1,0
E00423,"Saksham Kumar",35,"Sales Manager",Male,Sales,1591415,1,No,2024-06-29,NULL,4,55,Yes,NULL,6,Master's,4,11,22,0,0,1,1,1,1,0,0,0,1
